{
  "precision": 0.63729,
  "recall": 0.409,
  "mAP50": 0.31307,
  "mAP50-95": 0,
  "training_epochs": 60,
  "best_epoch": 35,
  "per_class": {
    "Red Deer": {
      "precision": 0.5497395565731037,
      "recall": 0.3732593471372352,
      "map50": 0.28603298793133297
    },
    "Male Roe Deer": {
      "precision": 0.5525094051184843,
      "recall": 0.4369417108199088,
      "map50": 0.32069573250331096
    },
    "Female Roe Deer": {
      "precision": 0.75512408370582,
      "recall": 0.3874759365323586,
      "map50": 0.3695845963106111
    },
    "Fallow Deer": {
      "precision": 0.5644072926291476,
      "recall": 0.461002903003793,
      "map50": 0.2864445818266173
    },
    "Wild Boar": {
      "precision": 0.6292964531553129,
      "recall": 0.3712592507032925,
      "map50": 0.35054434687056885
    },
    "Chamois": {
      "precision": 0.6315880942678298,
      "recall": 0.42225779498676075,
      "map50": 0.3592316263112246
    },
    "Fox": {
      "precision": 0.6652769976333149,
      "recall": 0.49041524900471,
      "map50": 0.34379105155602213
    },
    "Wolf": {
      "precision": 0.6775049917505545,
      "recall": 0.39809164544146525,
      "map50": 0.28345384133275464
    },
    "Jackal": {
      "precision": 0.5530263764290861,
      "recall": 0.3683659459175824,
      "map50": 0.27943904299839817
    },
    "Brown Bear": {
      "precision": 0.6105951449414038,
      "recall": 0.4828539659056587,
      "map50": 0.2562659920410182
    },
    "Badger": {
      "precision": 0.7609690371780851,
      "recall": 0.4159616808751752,
      "map50": 0.3247295707054191
    },
    "Weasel": {
      "precision": 0.554153117066631,
      "recall": 0.479417168665125,
      "map50": 0.3593846562355438
    },
    "Stoat": {
      "precision": 0.6020355804412584,
      "recall": 0.39388942741660005,
      "map50": 0.299805489603472
    },
    "Polecat": {
      "precision": 0.7042916715342273,
      "recall": 0.33784273558234024,
      "map50": 0.2972953943499429
    },
    "Marten": {
      "precision": 0.572383428126722,
      "recall": 0.37277665250203823,
      "map50": 0.32134896491713455
    },
    "Otter": {
      "precision": 0.5252662719236114,
      "recall": 0.36990511144508426,
      "map50": 0.25578404240372965
    },
    "Wildcat": {
      "precision": 0.6336706611478248,
      "recall": 0.37104505444074626,
      "map50": 0.3644780226730201
    },
    "Rabbit": {
      "precision": 0.7457907863562779,
      "recall": 0.40044203645001036,
      "map50": 0.2521954489970331
    },
    "Hare": {
      "precision": 0.5413871418007866,
      "recall": 0.3648500184755365,
      "map50": 0.31061600646375265
    },
    "Squirrel": {
      "precision": 0.698779381763509,
      "recall": 0.3976938647506944,
      "map50": 0.2821138396781449
    },
    "Dormouse": {
      "precision": 0.573110148574813,
      "recall": 0.3353329042196993,
      "map50": 0.36541426479901323
    },
    "Hedgehog": {
      "precision": 0.5181339312521986,
      "recall": 0.41315030001673414,
      "map50": 0.2961743175903903
    },
    "Turtle": {
      "precision": 0.6181670672471601,
      "recall": 0.3505790554436557,
      "map50": 0.2834402542322715
    },
    "Blackbird": {
      "precision": 0.5966674658824959,
      "recall": 0.4761891507286771,
      "map50": 0.3738363534068202
    },
    "Nightingale": {
      "precision": 0.527902070785499,
      "recall": 0.3885871805460008,
      "map50": 0.35865015355688684
    },
    "Pheasant": {
      "precision": 0.5377420653832458,
      "recall": 0.33780665367934776,
      "map50": 0.375016232181889
    },
    "Human": {
      "precision": 0.6820048993745925,
      "recall": 0.3438530847894179,
      "map50": 0.2706206566725224
    },
    "Dog": {
      "precision": 0.6937733530838215,
      "recall": 0.3988581062281219,
      "map50": 0.35103448019715033
    },
    "woodpecker": {
      "precision": 0.710880324277216,
      "recall": 0.43679099542092964,
      "map50": 0.33901286137062736
    }
  },
  "history": {
    "epoch": [
      1,
      2,
      3,
      4,
      5,
      6,
      7,
      8,
      9,
      10,
      11,
      12,
      13,
      14,
      15,
      16,
      17,
      18,
      19,
      20,
      21,
      22,
      23,
      24,
      25,
      26,
      27,
      28,
      29,
      30,
      31,
      32,
      33,
      34,
      35,
      36,
      37,
      38,
      39,
      40,
      41,
      42,
      43,
      44,
      45,
      46,
      47,
      48,
      49,
      50,
      51,
      52,
      53,
      54,
      55,
      56,
      57,
      58,
      59,
      60
    ],
    "precision": [
      0.33258,
      0.28027,
      0.24561,
      0.32794,
      0.21536,
      0.28114,
      0.2999,
      0.25249,
      0.2959,
      0.41347,
      0.48642,
      0.29273,
      0.51154,
      0.39419,
      0.53973,
      0.48591,
      0.44862,
      0.62812,
      0.5691,
      0.58772,
      0.55821,
      0.54363,
      0.49787,
      0.57855,
      0.46172,
      0.5022,
      0.50582,
      0.53657,
      0.35456,
      0.53402,
      0.54428,
      0.5733,
      0.48882,
      0.60061,
      0.63729,
      0.49077,
      0.50195,
      0.52569,
      0.36028,
      0.58362,
      0.56622,
      0.52879,
      0.5258,
      0.57847,
      0.75576,
      0.56281,
      0.57729,
      0.60272,
      0.60192,
      0.41856,
      0.5881,
      0.61378,
      0.60176,
      0.60128,
      0.53022,
      0.27721,
      0.61067,
      0.57884,
      0.46021,
      0.55998
    ],
    "recall": [
      0.27629,
      0.45916,
      0.31693,
      0.34426,
      0.32235,
      0.38634,
      0.26877,
      0.36943,
      0.46659,
      0.44668,
      0.3705,
      0.42449,
      0.37953,
      0.3352,
      0.4023,
      0.37002,
      0.41103,
      0.28914,
      0.32071,
      0.40703,
      0.42777,
      0.38852,
      0.46894,
      0.42616,
      0.4595,
      0.40241,
      0.40035,
      0.46272,
      0.47939,
      0.46406,
      0.4634,
      0.36825,
      0.49866,
      0.45151,
      0.409,
      0.44623,
      0.5184,
      0.46352,
      0.51389,
      0.46471,
      0.48611,
      0.47894,
      0.39352,
      0.46267,
      0.38762,
      0.43612,
      0.49392,
      0.4086,
      0.43607,
      0.50778,
      0.42939,
      0.50384,
      0.49866,
      0.4108,
      0.50353,
      0.47295,
      0.49102,
      0.50711,
      0.52821,
      0.45616
    ],
    "mAP50": [
      0.04992,
      0.10573,
      0.07313,
      0.0938,
      0.07445,
      0.10634,
      0.11624,
      0.08726,
      0.12172,
      0.11137,
      0.12457,
      0.13505,
      0.15477,
      0.15096,
      0.16019,
      0.14497,
      0.14475,
      0.14779,
      0.17608,
      0.17029,
      0.17697,
      0.14952,
      0.1656,
      0.18876,
      0.16294,
      0.158,
      0.1424,
      0.16245,
      0.17722,
      0.22756,
      0.21257,
      0.18728,
      0.18546,
      0.214,
      0.31307,
      0.19008,
      0.21189,
      0.22707,
      0.20359,
      0.30484,
      0.21579,
      0.19464,
      0.17847,
      0.22566,
      0.23479,
      0.22219,
      0.21977,
      0.20739,
      0.22751,
      0.22401,
      0.23729,
      0.23495,
      0.23724,
      0.2231,
      0.25239,
      0.24811,
      0.27039,
      0.25439,
      0.26089,
      0.24766
    ],
    "mAP50-95": []
  }
}