{
  "precision": 0.63729,
  "recall": 0.409,
  "mAP50": 0.31307,
  "mAP50-95": 0,
  "training_epochs": 60,
  "best_epoch": 35,
  "per_class": {
    "Red Deer": {
      "precision": 0.6414415503310733,
      "recall": 0.342189961542567,
      "map50": 0.3500115484210243
    },
    "Male Roe Deer": {
      "precision": 0.7378138753407849,
      "recall": 0.41772849146998486,
      "map50": 0.30543206573443754
    },
    "Female Roe Deer": {
      "precision": 0.5108076179122815,
      "recall": 0.366748968543227,
      "map50": 0.35059123842374507
    },
    "Fallow Deer": {
      "precision": 0.6099946410622213,
      "recall": 0.41400581359944816,
      "map50": 0.3637035489992035
    },
    "Wild Boar": {
      "precision": 0.5463007724532625,
      "recall": 0.33814556509174554,
      "map50": 0.3404031769819149
    },
    "Chamois": {
      "precision": 0.5371297170472146,
      "recall": 0.38126275275811,
      "map50": 0.2883960247602521
    },
    "Fox": {
      "precision": 0.7406661607812682,
      "recall": 0.3546659228599668,
      "map50": 0.36547164512207925
    },
    "Wolf": {
      "precision": 0.6270221149421947,
      "recall": 0.4277362859052215,
      "map50": 0.30261843414217504
    },
    "Jackal": {
      "precision": 0.6727455873287528,
      "recall": 0.3383204715192896,
      "map50": 0.2943869637989943
    },
    "Brown Bear": {
      "precision": 0.719933531878847,
      "recall": 0.33760223297057623,
      "map50": 0.33248391122511894
    },
    "Badger": {
      "precision": 0.5983305391819764,
      "recall": 0.3607379640332006,
      "map50": 0.3024690918273737
    },
    "Weasel": {
      "precision": 0.6483840865558678,
      "recall": 0.3304984144210078,
      "map50": 0.31954545653230854
    },
    "Stoat": {
      "precision": 0.7128805526857144,
      "recall": 0.4190768260661121,
      "map50": 0.3470169614124066
    },
    "Polecat": {
      "precision": 0.7210745683843814,
      "recall": 0.3706158095917752,
      "map50": 0.3005147733820585
    },
    "Marten": {
      "precision": 0.7624667684481902,
      "recall": 0.47582123772206775,
      "map50": 0.2963533906422754
    },
    "Otter": {
      "precision": 0.6327368141736048,
      "recall": 0.37642901037339793,
      "map50": 0.2560951356428121
    },
    "Wildcat": {
      "precision": 0.5835291721973339,
      "recall": 0.33047739567229417,
      "map50": 0.3102535398560812
    },
    "Rabbit": {
      "precision": 0.5623447085451935,
      "recall": 0.3688509844845838,
      "map50": 0.3417905449956626
    },
    "Hare": {
      "precision": 0.5990789550301003,
      "recall": 0.4789096156323533,
      "map50": 0.3096674417187412
    },
    "Squirrel": {
      "precision": 0.5860302584022258,
      "recall": 0.38509061032431696,
      "map50": 0.32437941146336463
    },
    "Dormouse": {
      "precision": 0.5498160142929466,
      "recall": 0.3911014998549842,
      "map50": 0.35478406889591585
    },
    "Hedgehog": {
      "precision": 0.5308024452440543,
      "recall": 0.48996048780441287,
      "map50": 0.35226576057740566
    },
    "Turtle": {
      "precision": 0.7100682162328383,
      "recall": 0.3747998792855947,
      "map50": 0.2891500162072655
    },
    "Blackbird": {
      "precision": 0.7163522357342976,
      "recall": 0.4561938067619945,
      "map50": 0.2686675984452365
    },
    "Nightingale": {
      "precision": 0.571482643551703,
      "recall": 0.4303761959431346,
      "map50": 0.25840060538435955
    },
    "Pheasant": {
      "precision": 0.5412838763704666,
      "recall": 0.47896556172959703,
      "map50": 0.35308128153108564
    },
    "Human": {
      "precision": 0.5367795993973299,
      "recall": 0.46844774245265736,
      "map50": 0.26973109292170333
    },
    "Dog": {
      "precision": 0.6707531584517734,
      "recall": 0.3665891837985227,
      "map50": 0.3021027830600503
    },
    "woodpecker": {
      "precision": 0.5220652722842978,
      "recall": 0.4773479449725093,
      "map50": 0.26332533966901744
    }
  },
  "history": {
    "epoch": [
      1,
      2,
      3,
      4,
      5,
      6,
      7,
      8,
      9,
      10,
      11,
      12,
      13,
      14,
      15,
      16,
      17,
      18,
      19,
      20,
      21,
      22,
      23,
      24,
      25,
      26,
      27,
      28,
      29,
      30,
      31,
      32,
      33,
      34,
      35,
      36,
      37,
      38,
      39,
      40,
      41,
      42,
      43,
      44,
      45,
      46,
      47,
      48,
      49,
      50,
      51,
      52,
      53,
      54,
      55,
      56,
      57,
      58,
      59,
      60
    ],
    "precision": [
      0.33258,
      0.28027,
      0.24561,
      0.32794,
      0.21536,
      0.28114,
      0.2999,
      0.25249,
      0.2959,
      0.41347,
      0.48642,
      0.29273,
      0.51154,
      0.39419,
      0.53973,
      0.48591,
      0.44862,
      0.62812,
      0.5691,
      0.58772,
      0.55821,
      0.54363,
      0.49787,
      0.57855,
      0.46172,
      0.5022,
      0.50582,
      0.53657,
      0.35456,
      0.53402,
      0.54428,
      0.5733,
      0.48882,
      0.60061,
      0.63729,
      0.49077,
      0.50195,
      0.52569,
      0.36028,
      0.58362,
      0.56622,
      0.52879,
      0.5258,
      0.57847,
      0.75576,
      0.56281,
      0.57729,
      0.60272,
      0.60192,
      0.41856,
      0.5881,
      0.61378,
      0.60176,
      0.60128,
      0.53022,
      0.27721,
      0.61067,
      0.57884,
      0.46021,
      0.55998
    ],
    "recall": [
      0.27629,
      0.45916,
      0.31693,
      0.34426,
      0.32235,
      0.38634,
      0.26877,
      0.36943,
      0.46659,
      0.44668,
      0.3705,
      0.42449,
      0.37953,
      0.3352,
      0.4023,
      0.37002,
      0.41103,
      0.28914,
      0.32071,
      0.40703,
      0.42777,
      0.38852,
      0.46894,
      0.42616,
      0.4595,
      0.40241,
      0.40035,
      0.46272,
      0.47939,
      0.46406,
      0.4634,
      0.36825,
      0.49866,
      0.45151,
      0.409,
      0.44623,
      0.5184,
      0.46352,
      0.51389,
      0.46471,
      0.48611,
      0.47894,
      0.39352,
      0.46267,
      0.38762,
      0.43612,
      0.49392,
      0.4086,
      0.43607,
      0.50778,
      0.42939,
      0.50384,
      0.49866,
      0.4108,
      0.50353,
      0.47295,
      0.49102,
      0.50711,
      0.52821,
      0.45616
    ],
    "mAP50": [
      0.04992,
      0.10573,
      0.07313,
      0.0938,
      0.07445,
      0.10634,
      0.11624,
      0.08726,
      0.12172,
      0.11137,
      0.12457,
      0.13505,
      0.15477,
      0.15096,
      0.16019,
      0.14497,
      0.14475,
      0.14779,
      0.17608,
      0.17029,
      0.17697,
      0.14952,
      0.1656,
      0.18876,
      0.16294,
      0.158,
      0.1424,
      0.16245,
      0.17722,
      0.22756,
      0.21257,
      0.18728,
      0.18546,
      0.214,
      0.31307,
      0.19008,
      0.21189,
      0.22707,
      0.20359,
      0.30484,
      0.21579,
      0.19464,
      0.17847,
      0.22566,
      0.23479,
      0.22219,
      0.21977,
      0.20739,
      0.22751,
      0.22401,
      0.23729,
      0.23495,
      0.23724,
      0.2231,
      0.25239,
      0.24811,
      0.27039,
      0.25439,
      0.26089,
      0.24766
    ],
    "mAP50-95": []
  }
}