{
  "precision": 0.63729,
  "recall": 0.409,
  "mAP50": 0.31307,
  "mAP50-95": 0,
  "training_epochs": 60,
  "best_epoch": 35,
  "per_class": {
    "Red Deer": {
      "precision": 0.5123147914248825,
      "recall": 0.4098892097147821,
      "map50": 0.28071429899272127
    },
    "Male Roe Deer": {
      "precision": 0.5255882815883387,
      "recall": 0.4323701982643902,
      "map50": 0.35066032778120554
    },
    "Female Roe Deer": {
      "precision": 0.5256973985768564,
      "recall": 0.40684707988656094,
      "map50": 0.3493992064887275
    },
    "Fallow Deer": {
      "precision": 0.5378912699644718,
      "recall": 0.4378171734496849,
      "map50": 0.3729187379218522
    },
    "Wild Boar": {
      "precision": 0.5245457504854433,
      "recall": 0.33505066649340065,
      "map50": 0.25566084430552766
    },
    "Chamois": {
      "precision": 0.6262527375080336,
      "recall": 0.37147127523769247,
      "map50": 0.26709943766771377
    },
    "Fox": {
      "precision": 0.6856966617637993,
      "recall": 0.3710872470191507,
      "map50": 0.3131997921133575
    },
    "Wolf": {
      "precision": 0.5231155280133664,
      "recall": 0.4273084279382258,
      "map50": 0.2590617441797382
    },
    "Jackal": {
      "precision": 0.563518864044172,
      "recall": 0.34371811213667536,
      "map50": 0.2741557962841228
    },
    "Brown Bear": {
      "precision": 0.5703584071751872,
      "recall": 0.3488607483153873,
      "map50": 0.26393107223865775
    },
    "Badger": {
      "precision": 0.670713054506214,
      "recall": 0.39230193279909803,
      "map50": 0.347481049316229
    },
    "Weasel": {
      "precision": 0.6350101156073474,
      "recall": 0.4265702043057287,
      "map50": 0.2735458468076848
    },
    "Stoat": {
      "precision": 0.7173434292874232,
      "recall": 0.3343563255195691,
      "map50": 0.3581196522208682
    },
    "Polecat": {
      "precision": 0.5949185812587862,
      "recall": 0.4390345990048185,
      "map50": 0.37301687091732455
    },
    "Marten": {
      "precision": 0.5637497225308412,
      "recall": 0.43757686113123395,
      "map50": 0.30251754641396184
    },
    "Otter": {
      "precision": 0.6692496021653106,
      "recall": 0.4451566439231488,
      "map50": 0.37407406576409796
    },
    "Wildcat": {
      "precision": 0.7423392034234157,
      "recall": 0.42719770213643143,
      "map50": 0.3541667364471531
    },
    "Rabbit": {
      "precision": 0.5395151422348473,
      "recall": 0.47762703726015876,
      "map50": 0.3381088911561237
    },
    "Hare": {
      "precision": 0.6079488014863565,
      "recall": 0.4091563590472906,
      "map50": 0.31268590506441934
    },
    "Squirrel": {
      "precision": 0.6856424953448536,
      "recall": 0.34771055281670915,
      "map50": 0.284431815650612
    },
    "Dormouse": {
      "precision": 0.7232097439046933,
      "recall": 0.3823746004196124,
      "map50": 0.33940130228700766
    },
    "Hedgehog": {
      "precision": 0.6653409472597063,
      "recall": 0.4688079173243708,
      "map50": 0.35329533285923054
    },
    "Turtle": {
      "precision": 0.5856565326636876,
      "recall": 0.33308789553375656,
      "map50": 0.30306883622701347
    },
    "Blackbird": {
      "precision": 0.5674153828659989,
      "recall": 0.4647773662529212,
      "map50": 0.28621554904075686
    },
    "Nightingale": {
      "precision": 0.7342709408050981,
      "recall": 0.32881159019658274,
      "map50": 0.276335289282063
    },
    "Pheasant": {
      "precision": 0.6574689582732501,
      "recall": 0.3742270353964681,
      "map50": 0.36525470527045456
    },
    "Human": {
      "precision": 0.7338461840589167,
      "recall": 0.3706718547213635,
      "map50": 0.34033969089323046
    },
    "Dog": {
      "precision": 0.6383227408674248,
      "recall": 0.34914463416792,
      "map50": 0.3098600889989765
    },
    "woodpecker": {
      "precision": 0.7202535179251682,
      "recall": 0.4694465475118101,
      "map50": 0.328443950123715
    }
  },
  "history": {
    "epoch": [
      1,
      2,
      3,
      4,
      5,
      6,
      7,
      8,
      9,
      10,
      11,
      12,
      13,
      14,
      15,
      16,
      17,
      18,
      19,
      20,
      21,
      22,
      23,
      24,
      25,
      26,
      27,
      28,
      29,
      30,
      31,
      32,
      33,
      34,
      35,
      36,
      37,
      38,
      39,
      40,
      41,
      42,
      43,
      44,
      45,
      46,
      47,
      48,
      49,
      50,
      51,
      52,
      53,
      54,
      55,
      56,
      57,
      58,
      59,
      60
    ],
    "precision": [
      0.33258,
      0.28027,
      0.24561,
      0.32794,
      0.21536,
      0.28114,
      0.2999,
      0.25249,
      0.2959,
      0.41347,
      0.48642,
      0.29273,
      0.51154,
      0.39419,
      0.53973,
      0.48591,
      0.44862,
      0.62812,
      0.5691,
      0.58772,
      0.55821,
      0.54363,
      0.49787,
      0.57855,
      0.46172,
      0.5022,
      0.50582,
      0.53657,
      0.35456,
      0.53402,
      0.54428,
      0.5733,
      0.48882,
      0.60061,
      0.63729,
      0.49077,
      0.50195,
      0.52569,
      0.36028,
      0.58362,
      0.56622,
      0.52879,
      0.5258,
      0.57847,
      0.75576,
      0.56281,
      0.57729,
      0.60272,
      0.60192,
      0.41856,
      0.5881,
      0.61378,
      0.60176,
      0.60128,
      0.53022,
      0.27721,
      0.61067,
      0.57884,
      0.46021,
      0.55998
    ],
    "recall": [
      0.27629,
      0.45916,
      0.31693,
      0.34426,
      0.32235,
      0.38634,
      0.26877,
      0.36943,
      0.46659,
      0.44668,
      0.3705,
      0.42449,
      0.37953,
      0.3352,
      0.4023,
      0.37002,
      0.41103,
      0.28914,
      0.32071,
      0.40703,
      0.42777,
      0.38852,
      0.46894,
      0.42616,
      0.4595,
      0.40241,
      0.40035,
      0.46272,
      0.47939,
      0.46406,
      0.4634,
      0.36825,
      0.49866,
      0.45151,
      0.409,
      0.44623,
      0.5184,
      0.46352,
      0.51389,
      0.46471,
      0.48611,
      0.47894,
      0.39352,
      0.46267,
      0.38762,
      0.43612,
      0.49392,
      0.4086,
      0.43607,
      0.50778,
      0.42939,
      0.50384,
      0.49866,
      0.4108,
      0.50353,
      0.47295,
      0.49102,
      0.50711,
      0.52821,
      0.45616
    ],
    "mAP50": [
      0.04992,
      0.10573,
      0.07313,
      0.0938,
      0.07445,
      0.10634,
      0.11624,
      0.08726,
      0.12172,
      0.11137,
      0.12457,
      0.13505,
      0.15477,
      0.15096,
      0.16019,
      0.14497,
      0.14475,
      0.14779,
      0.17608,
      0.17029,
      0.17697,
      0.14952,
      0.1656,
      0.18876,
      0.16294,
      0.158,
      0.1424,
      0.16245,
      0.17722,
      0.22756,
      0.21257,
      0.18728,
      0.18546,
      0.214,
      0.31307,
      0.19008,
      0.21189,
      0.22707,
      0.20359,
      0.30484,
      0.21579,
      0.19464,
      0.17847,
      0.22566,
      0.23479,
      0.22219,
      0.21977,
      0.20739,
      0.22751,
      0.22401,
      0.23729,
      0.23495,
      0.23724,
      0.2231,
      0.25239,
      0.24811,
      0.27039,
      0.25439,
      0.26089,
      0.24766
    ],
    "mAP50-95": []
  }
}