{
  "precision": 0.3286923764609161,
  "recall": 0.4143341010113958,
  "mAP50": 0.3555721286569008,
  "mAP50-95": 0.20581263830716362,
  "per_class": {}
}