{
  "Red Deer": {
    "precision": 0,
    "recall": 0,
    "map50": 0
  },
  "Male Roe Deer": {
    "precision": 0,
    "recall": 0,
    "map50": 0
  },
  "Female Roe Deer": {
    "precision": 0.025,
    "recall": 0.025,
    "map50": 0.025
  },
  "Fallow Deer": {
    "precision": 0.006000000000000005,
    "recall": 0.006000000000000005,
    "map50": 0.006000000000000005
  },
  "Wild Boar": {
    "precision": 0,
    "recall": 0,
    "map50": 0
  },
  "Chamois": {
    "precision": 0,
    "recall": 0,
    "map50": 0
  },
  "Fox": {
    "precision": 0.04100000000000001,
    "recall": 0.04100000000000001,
    "map50": 0.04100000000000001
  },
  "Wolf": {
    "precision": 0,
    "recall": 0,
    "map50": 0
  },
  "Jackal": {
    "precision": 0.04300000000000001,
    "recall": 0.04300000000000001,
    "map50": 0.04300000000000001
  },
  "Brown Bear": {
    "precision": 0,
    "recall": 0,
    "map50": 0
  },
  "Badger": {
    "precision": 0,
    "recall": 0,
    "map50": 0
  },
  "Weasel": {
    "precision": 0,
    "recall": 0,
    "map50": 0
  },
  "Stoat": {
    "precision": 0.04000000000000001,
    "recall": 0.04000000000000001,
    "map50": 0.04000000000000001
  },
  "Polecat": {
    "precision": 0.045,
    "recall": 0.045,
    "map50": 0.045
  },
  "Marten": {
    "precision": 0.034999999999999996,
    "recall": 0.034999999999999996,
    "map50": 0.034999999999999996
  },
  "Otter": {
    "precision": 0.044,
    "recall": 0.044,
    "map50": 0.044
  },
  "Wildcat": {
    "precision": 0,
    "recall": 0,
    "map50": 0
  },
  "Rabbit": {
    "precision": 0,
    "recall": 0,
    "map50": 0
  },
  "Hare": {
    "precision": 0.025,
    "recall": 0.025,
    "map50": 0.025
  },
  "Squirrel": {
    "precision": 0,
    "recall": 0,
    "map50": 0
  },
  "Dormouse": {
    "precision": 0.018000000000000006,
    "recall": 0.018000000000000006,
    "map50": 0.018000000000000006
  },
  "Hedgehog": {
    "precision": 0,
    "recall": 0,
    "map50": 0
  },
  "Turtle": {
    "precision": 0,
    "recall": 0,
    "map50": 0
  },
  "Blackbird": {
    "precision": 0,
    "recall": 0,
    "map50": 0
  },
  "Nightingale": {
    "precision": 0,
    "recall": 0,
    "map50": 0
  },
  "Pheasant": {
    "precision": 0.04200000000000001,
    "recall": 0.04200000000000001,
    "map50": 0.04200000000000001
  },
  "Human": {
    "precision": 0.03900000000000001,
    "recall": 0.03900000000000001,
    "map50": 0.03900000000000001
  },
  "Background": {
    "precision": 0,
    "recall": 0,
    "map50": 0
  },
  "Dog": {
    "precision": 0,
    "recall": 0,
    "map50": 0
  },
  "woodpecker": {
    "precision": 0,
    "recall": 0,
    "map50": 0
  }
}